location,iso_code,date,total_vaccinations,people_vaccinated,people_fully_vaccinated,total_boosters,daily_vaccinations_raw,daily_vaccinations,total_vaccinations_per_hundred,people_vaccinated_per_hundred,people_fully_vaccinated_per_hundred,total_boosters_per_hundred,daily_vaccinations_per_million,daily_people_vaccinated,daily_people_vaccinated_per_hundred
Russia,RUS,2020-12-15,28500,28500,,,,,0.02,0.02,,,,,
Russia,RUS,2020-12-16,,,,,,3357,,,,,23,3357,0.002
Russia,RUS,2020-12-17,,,,,,3357,,,,,23,3357,0.002
Russia,RUS,2020-12-18,,,,,,3357,,,,,23,3357,0.002
Russia,RUS,2020-12-19,,,,,,3357,,,,,23,3357,0.002
Russia,RUS,2020-12-20,,,,,,3357,,,,,23,3357,0.002
Russia,RUS,2020-12-21,,,,,,3357,,,,,23,3357,0.002
Russia,RUS,2020-12-22,52000,52000,,,,3357,0.04,0.04,,,23,3357,0.002
Russia,RUS,2020-12-23,,,,,,12592,,,,,86,12592,0.009
Russia,RUS,2020-12-24,,,,,,21827,,,,,150,21827,0.015
Russia,RUS,2020-12-25,,,,,,31061,,,,,213,31061,0.021
Russia,RUS,2020-12-26,,,,,,40296,,,,,276,40296,0.028
Russia,RUS,2020-12-27,,,,,,49531,,,,,339,49531,0.034
Russia,RUS,2020-12-28,,,,,,58765,,,,,403,58765,0.04
Russia,RUS,2020-12-29,,,,,,68000,,,,,466,68000,0.047
Russia,RUS,2020-12-30,,,,,,68000,,,,,466,68000,0.047
Russia,RUS,2020-12-31,,,,,,68000,,,,,466,68000,0.047
Russia,RUS,2021-01-01,,,,,,68000,,,,,466,68000,0.047
Russia,RUS,2021-01-02,800000,800000,,,,68000,0.55,0.55,,,466,68000,0.047
Russia,RUS,2021-01-03,,,,,,60883,,,,,417,60883,0.042
Russia,RUS,2021-01-04,,,,,,53766,,,,,368,53766,0.037
Russia,RUS,2021-01-05,,,,,,46649,,,,,320,46649,0.032
Russia,RUS,2021-01-06,,,,,,39532,,,,,271,39532,0.027
Russia,RUS,2021-01-07,,,,,,32416,,,,,222,32416,0.022
Russia,RUS,2021-01-08,,,,,,25299,,,,,173,25299,0.017
Russia,RUS,2021-01-09,,,,,,18182,,,,,125,18182,0.012
Russia,RUS,2021-01-10,,,,,,18182,,,,,125,18182,0.012
Russia,RUS,2021-01-11,,,,,,18182,,,,,125,18182,0.012
Russia,RUS,2021-01-12,,,,,,18182,,,,,125,18182,0.012
Russia,RUS,2021-01-13,1000000,1000000,,,,18182,0.69,0.69,,,125,18182,0.012
Russia,RUS,2021-01-14,,,,,,28233,,,,,193,24984,0.017
Russia,RUS,2021-01-15,,,,,,38284,,,,,262,31787,0.022
Russia,RUS,2021-01-16,,,,,,48335,,,,,331,38589,0.026
Russia,RUS,2021-01-17,,,,,,58385,,,,,400,45391,0.031
Russia,RUS,2021-01-18,,,,,,68436,,,,,469,52194,0.036
Russia,RUS,2021-01-19,,,,,,78487,,,,,538,58996,0.04
Russia,RUS,2021-01-20,,,,,,88538,,,,,607,65799,0.045
Russia,RUS,2021-01-21,,,,,,88538,,,,,607,65799,0.045
Russia,RUS,2021-01-22,,,,,,88538,,,,,607,65799,0.045
Russia,RUS,2021-01-23,,,,,,88538,,,,,607,65799,0.045
Russia,RUS,2021-01-24,,,,,,88538,,,,,607,65799,0.045
Russia,RUS,2021-01-25,,,,,,88538,,,,,607,65799,0.045
Russia,RUS,2021-01-26,,,,,,88538,,,,,607,65799,0.045
Russia,RUS,2021-01-27,,,,,,88538,,,,,607,65799,0.045
Russia,RUS,2021-01-28,,,,,,88538,,,,,607,65799,0.045
Russia,RUS,2021-01-29,,,,,,88538,,,,,607,65799,0.045
Russia,RUS,2021-01-30,,,,,,88538,,,,,607,65799,0.045
Russia,RUS,2021-01-31,,,,,,88538,,,,,607,65799,0.045
Russia,RUS,2021-02-01,,,,,,88538,,,,,607,65799,0.045
Russia,RUS,2021-02-02,,,,,,88538,,,,,607,65799,0.045
Russia,RUS,2021-02-03,,,,,,88538,,,,,607,65799,0.045
Russia,RUS,2021-02-04,,,,,,88538,,,,,607,65799,0.045
Russia,RUS,2021-02-05,,,,,,88538,,,,,607,65799,0.045
Russia,RUS,2021-02-06,,,,,,88538,,,,,607,65799,0.045
Russia,RUS,2021-02-07,,,,,,88538,,,,,607,65799,0.045
Russia,RUS,2021-02-08,,,,,,88538,,,,,607,65799,0.045
Russia,RUS,2021-02-09,,,,,,88538,,,,,607,65799,0.045
Russia,RUS,2021-02-10,,,,,,88538,,,,,607,65799,0.045
Russia,RUS,2021-02-11,,,,,,88538,,,,,607,65799,0.045
Russia,RUS,2021-02-12,,,,,,88538,,,,,607,65799,0.045
Russia,RUS,2021-02-13,,,,,,88538,,,,,607,65799,0.045
Russia,RUS,2021-02-14,,,,,,88538,,,,,607,65799,0.045
Russia,RUS,2021-02-15,,,,,,88538,,,,,607,65799,0.045
Russia,RUS,2021-02-16,,,,,,88538,,,,,607,65799,0.045
Russia,RUS,2021-02-17,,,,,,88538,,,,,607,65799,0.045
Russia,RUS,2021-02-18,,,,,,88538,,,,,607,65799,0.045
Russia,RUS,2021-02-19,,,,,,88538,,,,,607,65799,0.045
Russia,RUS,2021-02-20,,,,,,88538,,,,,607,65799,0.045
Russia,RUS,2021-02-21,,,,,,88538,,,,,607,65799,0.045
Russia,RUS,2021-02-22,,,,,,88538,,,,,607,65799,0.045
Russia,RUS,2021-02-23,,,,,,88538,,,,,607,65799,0.045
Russia,RUS,2021-02-24,,,,,,88538,,,,,607,65799,0.045
Russia,RUS,2021-02-25,,,,,,88538,,,,,607,65799,0.045
Russia,RUS,2021-02-26,,,,,,88538,,,,,607,65799,0.045
Russia,RUS,2021-02-27,,,,,,88538,,,,,607,65799,0.045
Russia,RUS,2021-02-28,,,,,,88538,,,,,607,65799,0.045
Russia,RUS,2021-03-01,,,,,,88538,,,,,607,65799,0.045
Russia,RUS,2021-03-02,5249831,4158334,1091497,,,88538,3.6,2.85,0.75,,607,65799,0.045
Russia,RUS,2021-03-03,5489342,4287423,1201919,,239511,110106,3.76,2.94,0.82,,755,74840,0.051
Russia,RUS,2021-03-04,6010744,4701175,1309569,,521402,171943,4.12,3.22,0.9,,1178,124548,0.085
Russia,RUS,2021-03-05,6301854,4908178,1393676,,291110,200882,4.32,3.36,0.96,,1377,144720,0.099
Russia,RUS,2021-03-06,6583873,5082127,1501746,,282019,228522,4.51,3.48,1.03,,1566,160170,0.11
Russia,RUS,2021-03-07,6655487,5128138,1527349,,71614,226105,4.56,3.51,1.05,,1550,157343,0.108
Russia,RUS,2021-03-08,6669466,5136605,1532861,,13979,215453,4.57,3.52,1.05,,1477,149153,0.102
Russia,RUS,2021-03-09,6694349,5149589,1544760,,24883,206360,4.59,3.53,1.06,,1414,141608,0.097
Russia,RUS,2021-03-10,7048129,5272651,1775478,,353780,222684,4.83,3.61,1.22,,1526,140747,0.096
Russia,RUS,2021-03-11,7273933,5366009,1907924,,225804,180456,4.99,3.68,1.31,,1237,94976,0.065
Russia,RUS,2021-03-12,,,,,,151823,,,,,1041,65722,0.045
Russia,RUS,2021-03-13,,,,,,124488,,,,,853,41190,0.028
Russia,RUS,2021-03-14,,,,,,127212,,,,,872,34935,0.024
Russia,RUS,2021-03-15,,,,,,138169,,,,,947,34043,0.023
Russia,RUS,2021-03-16,,,,,,147569,,,,,1011,32506,0.022
Russia,RUS,2021-03-17,7818009,5379359,2438650,,,109983,5.36,3.69,1.67,,754,15244,0.01
Russia,RUS,2021-03-18,7909438,5431048,2478390,,91429,90786,5.42,3.72,1.7,,622,9291,0.006
Russia,RUS,2021-03-19,8185944,5544777,2641167,,276506,117333,5.61,3.8,1.81,,804,25220,0.017
Russia,RUS,2021-03-20,8306498,5595893,2710605,,120554,121601,5.69,3.84,1.86,,833,32205,0.022
Russia,RUS,2021-03-21,8362575,5611139,2751436,,56077,116658,5.73,3.85,1.89,,800,34065,0.023
Russia,RUS,2021-03-22,,,,,,153021,,,,,1049,55810,0.038
Russia,RUS,2021-03-23,,,,,,189384,,,,,1298,77555,0.053
Russia,RUS,2021-03-24,,,,,,225747,,,,,1547,99300,0.068
Russia,RUS,2021-03-25,,,,,,262004,,,,,1796,113979,0.078
Russia,RUS,2021-03-26,,,,,,271820,,,,,1863,119795,0.082
Russia,RUS,2021-03-27,,,,,,303915,,,,,2083,134556,0.092
Russia,RUS,2021-03-28,,,,,,345222,,,,,2366,154441,0.106
Russia,RUS,2021-03-29,11124350,6846664,4277686,,,345222,7.62,4.69,2.93,,2366,154441,0.106
Russia,RUS,2021-03-30,11183108,6886259,4296849,,58758,304298,7.66,4.72,2.94,,2085,138034,0.095
Russia,RUS,2021-03-31,11373572,7004336,4369236,,190464,282190,7.79,4.8,2.99,,1934,132839,0.091
Russia,RUS,2021-04-01,11642295,7159411,4482884,,268723,271262,7.98,4.91,3.07,,1859,132930,0.091
Russia,RUS,2021-04-02,11779295,7247479,4531816,,137000,241516,8.07,4.97,3.11,,1655,123448,0.085
Russia,RUS,2021-04-03,12038859,7445035,4593824,,259564,229279,8.25,5.1,3.15,,1571,129607,0.089
Russia,RUS,2021-04-04,12120810,7505764,4615046,,81951,191669,8.31,5.14,3.16,,1314,116220,0.08
Russia,RUS,2021-04-05,12215342,7576640,4638702,,94532,155856,8.37,5.19,3.18,,1068,104282,0.071
Russia,RUS,2021-04-06,12474954,7753876,4721078,,259612,184549,8.55,5.31,3.24,,1265,123945,0.085
Russia,RUS,2021-04-07,13047800,7908918,5138882,,572846,239175,8.94,5.42,3.52,,1639,129226,0.089
Russia,RUS,2021-04-08,13354502,8146598,5207904,,306702,244601,9.15,5.58,3.57,,1676,141027,0.097
Russia,RUS,2021-04-09,13628879,8333331,5295548,,274377,264226,9.34,5.71,3.63,,1811,155122,0.106
Russia,RUS,2021-04-10,13977397,8575951,5401446,,348518,276934,9.58,5.88,3.7,,1898,161559,0.111
Russia,RUS,2021-04-11,14108341,8692848,5415493,,130944,283933,9.67,5.96,3.71,,1946,169583,0.116
Russia,RUS,2021-04-12,14269543,8808044,5461499,,161202,293457,9.78,6.04,3.74,,2011,175915,0.121
Russia,RUS,2021-04-13,14583881,9037705,5546176,,314338,301275,9.99,6.19,3.8,,2065,183404,0.126
Russia,RUS,2021-04-14,14967802,9343939,5623863,,383921,274286,10.26,6.4,3.85,,1880,205003,0.14
Russia,RUS,2021-04-15,15164099,9473241,5690858,,196297,258514,10.39,6.49,3.9,,1772,189520,0.13
Russia,RUS,2021-04-16,15469617,9731470,5738147,,305518,262963,10.6,6.67,3.93,,1802,199734,0.137
Russia,RUS,2021-04-17,15700803,9918665,5782138,,231186,246201,10.76,6.8,3.96,,1687,191816,0.131
Russia,RUS,2021-04-18,16167151,10019885,6147266,,466348,294116,11.08,6.87,4.21,,2016,189577,0.13
Russia,RUS,2021-04-19,16237319,10077017,6160302,,70168,281111,11.13,6.91,4.22,,1927,181282,0.124
Russia,RUS,2021-04-20,16567842,10341593,6226249,,330523,283423,11.35,7.09,4.27,,1942,186270,0.128
Russia,RUS,2021-04-21,16821267,10520393,6300874,,253425,264781,11.53,7.21,4.32,,1815,168065,0.115
Russia,RUS,2021-04-22,17218313,10787419,6430894,,397046,293459,11.8,7.39,4.41,,2011,187740,0.129
Russia,RUS,2021-04-23,17535826,10997801,6538025,,317513,295173,12.02,7.54,4.48,,2023,180904,0.124
Russia,RUS,2021-04-24,18080498,11312625,6767873,,544672,339956,12.39,7.75,4.64,,2330,199137,0.136
Russia,RUS,2021-04-25,18152707,11362893,6789814,,72209,283651,12.44,7.79,4.65,,1944,191858,0.131
Russia,RUS,2021-04-26,18315316,11445394,6869922,,162609,296857,12.55,7.84,4.71,,2034,195482,0.134
Russia,RUS,2021-04-27,18557064,11599037,6958027,,241748,284175,12.72,7.95,4.77,,1948,179635,0.123
Russia,RUS,2021-04-28,19043771,11913555,7130216,,486707,317501,13.05,8.16,4.89,,2176,199023,0.136
Russia,RUS,2021-04-29,19523861,12152170,7371691,,480090,329364,13.38,8.33,5.05,,2257,194964,0.134
Russia,RUS,2021-04-30,19834392,12299770,7534622,,310531,328367,13.59,8.43,5.16,,2250,185996,0.127
Russia,RUS,2021-05-01,19934399,12377978,7556421,,100007,264843,13.66,8.48,5.18,,1815,152193,0.104
Russia,RUS,2021-05-02,20070743,12431003,7639740,,136344,274005,13.76,8.52,5.24,,1878,152587,0.105
Russia,RUS,2021-05-03,20110554,12449156,7661398,,39811,256463,13.78,8.53,5.25,,1758,143395,0.098
Russia,RUS,2021-05-04,20168443,12478994,7689449,,57889,230197,13.82,8.55,5.27,,1578,125708,0.086
Russia,RUS,2021-05-05,20720147,12704207,8015940,,551704,239482,14.2,8.71,5.49,,1641,112950,0.077
Russia,RUS,2021-05-06,21177713,12893563,8284150,,457566,236265,14.51,8.84,5.68,,1619,105913,0.073
Russia,RUS,2021-05-07,21296747,12940465,8356282,,119034,208908,14.6,8.87,5.73,,1432,91528,0.063
Russia,RUS,2021-05-08,21597074,13056228,8540846,,300327,237525,14.8,8.95,5.85,,1628,96893,0.066
Russia,RUS,2021-05-09,,,,,,231551,,,,,1587,97120,0.067
Russia,RUS,2021-05-10,21786131,13165465,8620666,,,239368,14.93,9.02,5.91,,1640,102330,0.07
Russia,RUS,2021-05-11,21844382,13205698,8638684,,58251,239420,14.97,9.05,5.92,,1641,103815,0.071
Russia,RUS,2021-05-12,22575945,13566658,9009287,,731563,265114,15.47,9.3,6.17,,1817,123207,0.084
Russia,RUS,2021-05-13,22782931,13653498,9129433,,206986,229317,15.61,9.36,6.26,,1572,108562,0.074
Russia,RUS,2021-05-14,23292045,13856566,9435479,,509114,285043,15.96,9.5,6.47,,1954,130872,0.09
Russia,RUS,2021-05-15,23858201,14265642,9592559,,566156,323018,16.35,9.78,6.57,,2214,172773,0.118
Russia,RUS,2021-05-16,23970334,14313416,9656918,,112133,325533,16.43,9.81,6.62,,2231,171796,0.118
Russia,RUS,2021-05-17,24087535,14361832,9725703,,117201,328772,16.51,9.84,6.67,,2253,170910,0.117
Russia,RUS,2021-05-18,24519227,14592957,9926270,,431692,382121,16.8,10.0,6.8,,2619,198180,0.136
Russia,RUS,2021-05-19,24862902,14718070,10144832,,343675,326708,17.04,10.09,6.95,,2239,164487,0.113
Russia,RUS,2021-05-20,25166959,14888987,10277972,,304057,340575,17.25,10.2,7.04,,2334,176498,0.121
Russia,RUS,2021-05-21,25468057,15031015,10437042,,301098,310859,17.45,10.3,7.15,,2130,167778,0.115
Russia,RUS,2021-05-22,26419720,15325919,11093801,,951663,365931,18.11,10.5,7.6,,2508,151468,0.104
Russia,RUS,2021-05-23,26472510,15360666,11111844,,52790,357454,18.14,10.53,7.62,,2450,149607,0.103
Russia,RUS,2021-05-24,26802324,15610238,11192086,,329814,387827,18.37,10.7,7.67,,2658,178344,0.122
Russia,RUS,2021-05-25,27026797,15768938,11257859,,224473,358224,18.52,10.81,7.72,,2455,167997,0.115
Russia,RUS,2021-05-26,27611859,16159658,11452201,,585062,392708,18.92,11.07,7.85,,2691,205941,0.141
Russia,RUS,2021-05-27,27739956,16225813,11514143,,128097,367571,19.01,11.12,7.89,,2519,190975,0.131
Russia,RUS,2021-05-28,28112894,16331436,11781458,,372938,377834,19.27,11.19,8.07,,2589,185774,0.127
Russia,RUS,2021-05-29,28365082,16470154,11894928,,252188,277909,19.44,11.29,8.15,,1905,163462,0.112
Russia,RUS,2021-05-30,28449552,16528341,11921211,,84470,282435,19.5,11.33,8.17,,1936,166811,0.114
Russia,RUS,2021-05-31,28501637,16576370,11925267,,52085,242759,19.53,11.36,8.17,,1664,138019,0.095
Russia,RUS,2021-06-01,29325191,16708973,12616218,,823554,328342,20.1,11.45,8.65,,2250,134291,0.092
Russia,RUS,2021-06-02,29792970,16995885,12797085,,467779,311587,20.42,11.65,8.77,,2135,119461,0.082
Russia,RUS,2021-06-03,30001530,17136365,12865165,,208560,323082,20.56,11.74,8.82,,2214,130079,0.089
Russia,RUS,2021-06-04,30501660,17426711,13074949,,500130,341252,20.9,11.94,8.96,,2339,156468,0.107
Russia,RUS,2021-06-05,30606544,17490525,13116019,,104884,320209,20.98,11.99,8.99,,2195,145767,0.1
Russia,RUS,2021-06-06,30708050,17556908,13151142,,101506,322643,21.05,12.03,9.01,,2211,146938,0.101
Russia,RUS,2021-06-07,31050172,17673241,13376931,,342122,364076,21.28,12.11,9.17,,2495,156696,0.107
Russia,RUS,2021-06-08,31295788,17782159,13513629,,245616,281514,21.45,12.19,9.26,,1929,153312,0.105
Russia,RUS,2021-06-09,31605719,17954601,13651118,,309931,258964,21.66,12.31,9.36,,1775,136959,0.094
Russia,RUS,2021-06-10,31953145,18119483,13833662,,347426,278802,21.9,12.42,9.48,,1911,140445,0.096
Russia,RUS,2021-06-11,32267143,18274820,13992323,,313998,252212,22.11,12.52,9.59,,1729,121158,0.083
Russia,RUS,2021-06-12,32734213,18462055,14272158,,467070,303953,22.43,12.65,9.78,,2083,138790,0.095
Russia,RUS,2021-06-13,32831196,18514644,14316552,,96983,303307,22.5,12.69,9.81,,2079,136819,0.094
Russia,RUS,2021-06-14,32865706,18533629,14332077,,34510,259362,22.52,12.7,9.82,,1778,122913,0.084
Russia,RUS,2021-06-15,32907158,18550270,14356888,,41452,230196,22.55,12.71,9.84,,1578,109730,0.075
Russia,RUS,2021-06-16,33220101,18712820,14507281,,312943,230626,22.77,12.82,9.94,,1581,108317,0.074
Russia,RUS,2021-06-17,33923089,19213483,14709606,,702988,281421,23.25,13.17,10.08,,1929,156286,0.107
Russia,RUS,2021-06-18,34337450,19436102,14901348,,414361,295758,23.53,13.32,10.21,,2027,165897,0.114
Russia,RUS,2021-06-19,34768902,19558487,15210415,,431452,290670,23.83,13.4,10.42,,1992,156633,0.107
Russia,RUS,2021-06-20,34901304,19657314,15243990,,132402,295730,23.92,13.47,10.45,,2027,163239,0.112
Russia,RUS,2021-06-21,35237844,19861002,15376842,,336540,338877,24.15,13.61,10.54,,2322,189625,0.13
Russia,RUS,2021-06-22,35983165,20345332,15637833,,745321,439430,24.66,13.94,10.72,,3012,256437,0.176
Russia,RUS,2021-06-23,36044137,20390788,15653349,,60972,403434,24.7,13.97,10.73,,2765,239710,0.164
Russia,RUS,2021-06-24,36970273,20682043,16288230,,926136,435312,25.34,14.17,11.16,,2983,209794,0.144
Russia,RUS,2021-06-25,37603085,21096764,16506321,,632812,466519,25.77,14.46,11.31,,3197,237237,0.163
Russia,RUS,2021-06-26,38098213,21461833,16636380,,495128,475616,26.11,14.71,11.4,,3260,271907,0.186
Russia,RUS,2021-06-27,38440164,21614318,16825846,,341951,505551,26.34,14.81,11.53,,3465,279572,0.192
Russia,RUS,2021-06-28,38773378,21790363,16983015,,333214,505076,26.57,14.93,11.64,,3462,275623,0.189
Russia,RUS,2021-06-29,39328425,22194585,17133840,,555047,477894,26.95,15.21,11.74,,3275,264179,0.181
Russia,RUS,2021-06-30,40027944,22691596,17336348,,699519,569115,27.43,15.55,11.88,,3900,328687,0.225
Russia,RUS,2021-07-01,40875355,23352344,17523011,,847411,557869,28.01,16.0,12.01,,3823,381472,0.261
Russia,RUS,2021-07-02,41821794,24221641,17600153,,946439,602673,28.66,16.6,12.06,,4130,446411,0.306
Russia,RUS,2021-07-03,42450067,24647625,17802442,,628273,621693,29.09,16.89,12.2,,4261,455113,0.312
Russia,RUS,2021-07-04,42830589,24969023,17861566,,380522,627204,29.35,17.11,12.24,,4299,479244,0.328
Russia,RUS,2021-07-05,43033292,25134026,17899266,,202703,608559,29.49,17.23,12.27,,4171,477666,0.327
Russia,RUS,2021-07-06,44317901,26086927,18230974,,1284609,712782,30.37,17.88,12.49,,4885,556049,0.381
Russia,RUS,2021-07-07,45061139,26676560,18384579,,743238,719028,30.88,18.28,12.6,,4928,569281,0.39
Russia,RUS,2021-07-08,45570931,27056132,18514799,,509792,670797,31.23,18.54,12.69,,4597,529113,0.363
Russia,RUS,2021-07-09,46626243,27899062,18727181,,1055312,686350,31.96,19.12,12.83,,4704,525346,0.36
Russia,RUS,2021-07-10,47334968,28443712,18891256,,708725,697843,32.44,19.49,12.95,,4783,542298,0.372
Russia,RUS,2021-07-11,47572228,28645936,18926292,,237260,677377,32.6,19.63,12.97,,4642,525273,0.36
Russia,RUS,2021-07-12,47809152,28738206,19070946,,236924,682266,32.77,19.7,13.07,,4676,514883,0.353
Russia,RUS,2021-07-13,48693756,29428872,19264884,,884604,625122,33.37,20.17,13.2,,4284,477421,0.327
Russia,RUS,2021-07-14,49757693,30101051,19656642,,1063937,670936,34.1,20.63,13.47,,4598,489213,0.335
Russia,RUS,2021-07-15,50383638,30538845,19844793,,625945,687530,34.53,20.93,13.6,,4712,497530,0.341
Russia,RUS,2021-07-16,52329289,31765940,20563349,,1945651,814721,35.86,21.77,14.09,,5584,552411,0.379
Russia,RUS,2021-07-17,52471287,31874482,20596805,,141998,733760,35.96,21.85,14.12,,5029,490110,0.336
Russia,RUS,2021-07-18,52782888,32086928,20695960,,311601,744380,36.17,21.99,14.18,,5102,491570,0.337
Russia,RUS,2021-07-19,52924914,32163192,20761722,,142026,730823,36.27,22.04,14.23,,5009,489284,0.335
Russia,RUS,2021-07-20,54765404,33185732,21579672,,1840490,867378,37.53,22.74,14.79,,5945,536694,0.368
Russia,RUS,2021-07-21,55278232,33485064,21793168,,512828,788648,37.88,22.95,14.94,,5405,483430,0.331
Russia,RUS,2021-07-22,55829776,33840825,21988951,,551544,778020,38.26,23.19,15.07,,5332,471711,0.323
Russia,RUS,2021-07-23,57119002,34479522,22639480,,1289226,684245,39.15,23.63,15.52,,4689,387655,0.266
Russia,RUS,2021-07-24,57313547,34561624,22751923,,194545,691751,39.28,23.69,15.59,,4741,383877,0.263
Russia,RUS,2021-07-25,57493823,34655066,22838757,,180276,672991,39.4,23.75,15.65,,4612,366877,0.251
Russia,RUS,2021-07-26,57730452,34775914,22954538,,236629,686505,39.57,23.83,15.73,,4705,373246,0.256
Russia,RUS,2021-07-27,58627941,35277439,23350502,,897489,551791,40.18,24.18,16.0,,3782,298815,0.205
Russia,RUS,2021-07-28,59222211,35565564,23656647,,594270,563426,40.59,24.37,16.21,,3861,297214,0.204
Russia,RUS,2021-07-29,60086288,36024370,24061918,,864077,608073,41.18,24.69,16.49,,4167,311935,0.214
Russia,RUS,2021-07-30,60996545,36287070,24709475,,910257,553935,41.8,24.87,16.93,,3796,258221,0.177
Russia,RUS,2021-07-31,61902078,36621627,25280451,,905533,655504,42.42,25.1,17.33,,4492,294286,0.202
Russia,RUS,2021-08-01,62225609,36759116,25466493,,323531,675969,42.65,25.19,17.45,,4633,300579,0.206
Russia,RUS,2021-08-02,62369448,36816173,25553275,,143839,662714,42.74,25.23,17.51,,4542,291466,0.2
Russia,RUS,2021-08-03,63106022,37159913,25946109,,736574,639726,43.25,25.47,17.78,,4384,268925,0.184
Russia,RUS,2021-08-04,64276556,37716498,26560058,,1170534,722049,44.05,25.85,18.2,,4949,307276,0.211
Russia,RUS,2021-08-05,64612870,37841809,26771061,,336314,646655,44.28,25.93,18.35,,4432,259634,0.178
Russia,RUS,2021-08-06,65093022,38052430,27040592,,480152,585211,44.61,26.08,18.53,,4011,252194,0.173
Russia,RUS,2021-08-07,65886173,38390923,27495250,,793151,569156,45.15,26.31,18.84,,3901,252757,0.173
Russia,RUS,2021-08-08,66245526,38591963,27653563,,359353,574274,45.4,26.45,18.95,,3936,261835,0.179
Russia,RUS,2021-08-09,66369168,38619739,27749429,,123642,571389,45.49,26.47,19.02,,3916,257652,0.177
Russia,RUS,2021-08-10,67340478,38955619,28384859,,971310,604922,46.15,26.7,19.45,,4146,256529,0.176
Russia,RUS,2021-08-11,68010094,39355337,28654757,,669616,533363,46.61,26.97,19.64,,3655,234120,0.16
Russia,RUS,2021-08-12,68643798,39629817,29013981,,633704,575847,47.04,27.16,19.88,,3947,255430,0.175
Russia,RUS,2021-08-13,71033270,40386461,30646809,,2389472,848607,48.68,27.68,21.0,,5816,333433,0.229
Russia,RUS,2021-08-14,72895650,40644013,32251637,,1862380,1001354,49.96,27.86,22.1,,6863,321870,0.221
Russia,RUS,2021-08-15,73164150,40731280,32432870,,268500,988375,50.14,27.91,22.23,,6774,305617,0.209
Russia,RUS,2021-08-16,73509691,40915730,32593961,,345541,1020075,50.38,28.04,22.34,,6991,327999,0.225
Russia,RUS,2021-08-17,74000654,41108366,32892288,,490963,951454,50.72,28.17,22.54,,6521,307535,0.211
Russia,RUS,2021-08-18,74425863,41258604,33167259,,425209,916538,51.01,28.28,22.73,,6281,271895,0.186
Russia,RUS,2021-08-19,75043301,41551994,33491307,,617438,914215,51.43,28.48,22.95,,6266,274597,0.188
Russia,RUS,2021-08-20,75677887,41822606,33855281,,634586,663517,51.87,28.66,23.2,,4547,205164,0.141
Russia,RUS,2021-08-21,76458068,42167285,34290783,,780181,508917,52.4,28.9,23.5,,3488,217610,0.149
Russia,RUS,2021-08-22,76801879,42280854,34521025,,343811,519676,52.64,28.98,23.66,,3562,221368,0.152
Russia,RUS,2021-08-23,76957410,42336831,34620579,,155531,492531,52.74,29.02,23.73,,3376,203014,0.139
Russia,RUS,2021-08-24,77577311,42595754,34981557,,619901,510951,53.17,29.19,23.97,,3502,212484,0.146
Russia,RUS,2021-08-25,78053353,42821588,35231765,,476042,518213,53.49,29.35,24.15,,3552,223283,0.153
Russia,RUS,2021-08-26,78431369,42983698,35447671,,378016,484010,53.75,29.46,24.29,,3317,204529,0.14
Russia,RUS,2021-08-27,79130258,43270004,35860254,,698889,493196,54.23,29.65,24.58,,3380,206771,0.142
Russia,RUS,2021-08-28,79493362,43438051,36055311,,363104,433613,54.48,29.77,24.71,,2972,181538,0.124
Russia,RUS,2021-08-29,79708822,43523101,36185721,,215460,415278,54.63,29.83,24.8,,2846,177464,0.122
Russia,RUS,2021-08-30,80012028,43659462,36352566,,303206,436374,54.84,29.92,24.91,,2991,188947,0.129
Russia,RUS,2021-08-31,80244526,43771190,36473336,,232498,381031,55.0,30.0,25.0,,2611,167919,0.115
Russia,RUS,2021-09-01,81226019,43967990,37258029,,981493,453238,55.67,30.13,25.53,,3106,163772,0.112
Russia,RUS,2021-09-02,81609406,44148776,37460630,,383387,454005,55.93,30.26,25.67,,3111,166440,0.114
Russia,RUS,2021-09-03,82319804,44302410,38017394,,710398,455649,56.42,30.36,26.06,,3123,147487,0.101
Russia,RUS,2021-09-04,82550749,44418648,38132101,,230945,436770,56.58,30.44,26.13,,2993,140085,0.096
Russia,RUS,2021-09-05,82803898,44492958,38310940,,253149,442154,56.75,30.49,26.26,,3030,138551,0.095
Russia,RUS,2021-09-06,82918108,44549535,38368573,,114210,415154,56.83,30.53,26.3,,2845,127153,0.087
Russia,RUS,2021-09-07,83633913,44857289,38776624,,715805,484198,57.32,30.74,26.58,,3318,155157,0.106
Russia,RUS,2021-09-08,83818838,44912606,38906232,,184925,370403,57.44,30.78,26.66,,2539,134945,0.092
Russia,RUS,2021-09-09,84307408,45079017,39228391,,488570,385429,57.78,30.89,26.88,,2642,132892,0.091
Russia,RUS,2021-09-10,84915792,45449659,39466133,,608384,370855,58.2,31.15,27.05,,2542,163893,0.112
Russia,RUS,2021-09-11,85117353,45527817,39589536,,201561,366658,58.33,31.2,27.13,,2513,158453,0.109
Russia,RUS,2021-09-12,85282445,45598793,39683652,,165092,354078,58.45,31.25,27.2,,2427,157976,0.108
Russia,RUS,2021-09-13,85977322,46149116,39828206,,694877,437031,58.92,31.63,27.3,,2995,228512,0.157
Russia,RUS,2021-09-14,86073493,46169834,39903659,,96171,348511,58.99,31.64,27.35,,2389,187506,0.129
Russia,RUS,2021-09-15,86564229,46427518,40136711,,490736,392199,59.33,31.82,27.51,,2688,216416,0.148
Russia,RUS,2021-09-16,86956254,46600781,40355473,,392025,378407,59.59,31.94,27.66,,2593,217395,0.149
Russia,RUS,2021-09-17,87267626,46745074,40522552,,311372,335976,59.81,32.04,27.77,,2303,185059,0.127
Russia,RUS,2021-09-18,,,,,,340682,,,,,2335,178640,0.122
Russia,RUS,2021-09-19,87736626,46811516,40925110,,,350597,60.13,32.08,28.05,,2403,173246,0.119
Russia,RUS,2021-09-20,87900632,46923762,40976870,,164006,274759,60.24,32.16,28.08,,1883,110664,0.076
Russia,RUS,2021-09-21,88138610,47092891,41045719,,237978,295017,60.41,32.27,28.13,,2022,131865,0.09
Russia,RUS,2021-09-22,88567925,47285157,41282768,,429315,286242,60.7,32.41,28.29,,1962,122520,0.084
Russia,RUS,2021-09-23,,,,,,263129,,,,,1803,110880,0.076
Russia,RUS,2021-09-24,89028383,47468729,41559654,658982,,251537,61.02,32.53,28.48,0.45,1724,103379,0.071
Russia,RUS,2021-09-25,89204756,47547409,41657347,661446,176373,243233,61.14,32.59,28.55,0.45,1667,109873,0.075
Russia,RUS,2021-09-26,89301130,47594992,41706138,662363,96374,223501,61.2,32.62,28.58,0.45,1532,111925,0.077
Russia,RUS,2021-09-27,89627918,47825957,41801961,667688,326788,246755,61.43,32.78,28.65,0.46,1691,128885,0.088
Russia,RUS,2021-09-28,89704718,47867172,41837546,689524,76800,223730,61.48,32.81,28.67,0.47,1533,110612,0.076
Russia,RUS,2021-09-29,90015699,47967752,42047947,723374,310981,206825,61.69,32.87,28.82,0.5,1417,97514,0.067
Russia,RUS,2021-09-30,90298423,48079685,42218738,725352,282724,214324,61.89,32.95,28.93,0.5,1469,100392,0.069
Russia,RUS,2021-10-01,90667000,48343684,42323316,747624,368577,234088,62.14,33.13,29.01,0.51,1604,124994,0.086
Russia,RUS,2021-10-02,91015787,48535310,42480477,765175,348787,258719,62.38,33.26,29.11,0.52,1773,141129,0.097
Russia,RUS,2021-10-03,91151285,48610971,42540314,819875,135498,264308,62.47,33.32,29.15,0.56,1811,145140,0.099
Russia,RUS,2021-10-04,91243207,48654468,42588739,826286,91922,230756,62.53,33.35,29.19,0.57,1581,118359,0.081
Russia,RUS,2021-10-05,91497450,48735780,42761670,842830,254243,256105,62.71,33.4,29.31,0.58,1755,124087,0.085
Russia,RUS,2021-10-06,92192697,48891249,43301448,856589,695247,311000,63.18,33.51,29.68,0.59,2131,131928,0.09
Russia,RUS,2021-10-07,93888467,49137773,44750694,859836,1695770,512863,64.35,33.68,30.67,0.59,3515,151155,0.104
Russia,RUS,2021-10-08,94115234,49235850,44879384,919496,226767,492605,64.5,33.74,30.76,0.63,3376,127452,0.087
Russia,RUS,2021-10-09,94289464,49353510,44935954,960031,174230,467668,64.62,33.82,30.8,0.66,3205,116886,0.08
Russia,RUS,2021-10-10,94491689,49463056,45028633,960453,202225,477201,64.76,33.9,30.86,0.66,3270,121726,0.083
Russia,RUS,2021-10-11,94671192,49571462,45099730,967739,179503,489712,64.88,33.97,30.91,0.66,3356,130999,0.09
Russia,RUS,2021-10-12,94790577,49684328,45106249,988595,119385,470447,64.96,34.05,30.91,0.68,3224,135507,0.093
Russia,RUS,2021-10-13,95156230,49844230,45312000,,365653,423362,65.21,34.16,31.05,,2901,136140,0.093
Russia,RUS,2021-10-14,95345470,49981484,45363986,1070110,189240,208143,65.34,34.25,31.09,0.73,1426,120530,0.083
Russia,RUS,2021-10-15,95885492,50182928,45702564,1190053,540022,252894,65.71,34.39,31.32,0.82,1733,135297,0.093
Russia,RUS,2021-10-16,,,,,,327926,,,,,2247,169425,0.116
Russia,RUS,2021-10-17,,,,,,398960,,,,,2734,204712,0.14
Russia,RUS,2021-10-18,,,,,,473239,,,,,3243,240162,0.165
Russia,RUS,2021-10-19,,,,,,556106,,,,,3811,274975,0.188
Russia,RUS,2021-10-20,99382776,51965705,,,,603792,68.11,35.61,,,4138,303068,0.208
Russia,RUS,2021-10-21,99443669,52015298,,1506586,60893,585457,68.15,35.65,,1.03,4012,290545,0.199
Russia,RUS,2021-10-22,100030674,52450463,,1544042,587005,592169,68.56,35.95,,1.06,4058,323934,0.222
Russia,RUS,2021-10-23,100766655,52861352,,1547684,735981,597387,69.06,36.23,,1.06,4094,331696,0.227
Russia,RUS,2021-10-24,,,,,,544947,,,,,3735,312575,0.214
Russia,RUS,2021-10-25,,,,,,492508,,,,,3375,293455,0.201
Russia,RUS,2021-10-26,,,,,,440069,,,,,3016,274335,0.188
Russia,RUS,2021-10-27,,,,,,387629,,,,,2657,255214,0.175
Russia,RUS,2021-10-28,102428563,53974920,47126515,1645659,,426413,70.2,36.99,32.3,1.13,2922,279946,0.192
Russia,RUS,2021-10-29,103215462,54622022,47235849,1685331,786899,454970,70.74,37.43,32.37,1.16,3118,310223,0.213
Russia,RUS,2021-10-30,104062261,55218327,47459477,1715807,846799,470801,71.32,37.84,32.53,1.18,3227,336711,0.231
Russia,RUS,2021-10-31,104464268,55463950,47601622,1730473,402007,480747,71.59,38.01,32.62,1.19,3295,339983,0.233
Russia,RUS,2021-11-01,104776681,55691008,47683391,1734131,312413,477895,71.81,38.17,32.68,1.19,3275,340604,0.233
Russia,RUS,2021-11-02,105580822,56183972,47945546,1787514,804141,545289,72.36,38.51,32.86,1.23,3737,379211,0.26
Russia,RUS,2021-11-03,106519046,56692011,48204924,1959957,938224,631838,73.0,38.85,33.04,1.34,4330,419972,0.288
Russia,RUS,2021-11-04,108485269,57596873,49316326,1971353,1966223,865244,74.35,39.47,33.8,1.35,5930,517422,0.355
Russia,RUS,2021-11-05,,,,,,769704,,,,,5275,444056,0.304
Russia,RUS,2021-11-06,,,,,,665608,,,,,4562,377947,0.259
Russia,RUS,2021-11-07,108839638,57997497,49574598,2038998,,625053,74.59,39.75,33.98,1.4,4284,361935,0.248
Russia,RUS,2021-11-08,109012524,58101534,49639427,2043217,172886,605120,74.71,39.82,34.02,1.4,4147,344361,0.236
Russia,RUS,2021-11-09,110013923,58720979,49936526,2129929,1001399,633300,75.4,40.24,34.22,1.46,4340,362430,0.248
Russia,RUS,2021-11-10,110548268,59009118,50121433,2192400,534345,575603,75.76,40.44,34.35,1.5,3945,331015,0.227
Russia,RUS,2021-11-11,111504955,59543164,50430347,2306127,956687,431384,76.42,40.81,34.56,1.58,2956,278042,0.191
Russia,RUS,2021-11-12,112305009,60155620,50587097,2338537,800054,528802,76.97,41.23,34.67,1.6,3624,346458,0.237
Russia,RUS,2021-11-13,113186687,60561971,50991092,2410399,881678,637882,77.57,41.51,34.95,1.65,4372,385431,0.264
Russia,RUS,2021-11-14,114006989,61165173,51188082,2431173,820302,738193,78.13,41.92,35.08,1.67,5059,452525,0.31
Russia,RUS,2021-11-15,114562576,61521738,51370215,2448173,555587,792865,78.51,42.16,35.21,1.68,5434,488601,0.335
Russia,RUS,2021-11-16,115373976,61952000,51719392,2513629,811400,765722,79.07,42.46,35.45,1.72,5248,461574,0.316
Russia,RUS,2021-11-17,116626426,62594260,52233646,2610110,1252450,868308,79.93,42.9,35.8,1.79,5951,512163,0.351
Russia,RUS,2021-11-18,117352790,62891581,52506988,2767890,726364,835405,80.43,43.1,35.99,1.9,5725,478345,0.328
Russia,RUS,2021-11-19,118078630,63284161,52824805,2834492,725840,824803,80.92,43.37,36.2,1.94,5653,446934,0.306
Russia,RUS,2021-11-20,119759585,63496542,53578117,,1680955,938985,82.08,43.52,36.72,,6435,419224,0.287
Russia,RUS,2021-11-21,,,,,,882305,,,,,6047,375859,0.258
Russia,RUS,2021-11-22,120606667,64095828,53952851,3470927,,863442,82.66,43.93,36.98,2.38,5918,367727,0.252
Russia,RUS,2021-11-23,120994368,64318312,54086860,3503150,387701,802913,82.92,44.08,37.07,2.4,5503,338045,0.232
Russia,RUS,2021-11-24,122045399,64765694,54621506,3629573,1051031,774139,83.64,44.39,37.43,2.49,5306,310205,0.213
Russia,RUS,2021-11-25,123052164,65248010,54934982,3841079,1006765,814196,84.33,44.72,37.65,2.63,5580,336633,0.231
Russia,RUS,2021-11-26,124400024,65851463,55492951,4112854,1347860,903056,85.26,45.13,38.03,2.82,6189,366757,0.251
Russia,RUS,2021-11-27,125089189,66011769,55964877,4172664,689165,761372,85.73,45.24,38.36,2.86,5218,359318,0.246
Russia,RUS,2021-11-28,125594890,66201198,56115075,4301470,505701,773109,86.08,45.37,38.46,2.95,5298,343573,0.235
Russia,RUS,2021-11-29,125895413,66258615,56353454,4306977,300523,755535,86.28,45.41,38.62,2.95,5178,308970,0.212
Russia,RUS,2021-11-30,126818133,66738623,56681192,4422166,922720,831966,86.91,45.74,38.85,3.03,5702,345759,0.237
Russia,RUS,2021-12-01,127545634,67012949,57037594,4521001,727501,785748,87.41,45.93,39.09,3.1,5385,321036,0.22
Russia,RUS,2021-12-02,128446301,67264113,57592114,4616686,900667,770591,88.03,46.1,39.47,3.16,5281,288015,0.197
Russia,RUS,2021-12-03,128989824,67472564,57873182,4671320,543523,655686,88.4,46.24,39.66,3.2,4494,231586,0.159
Russia,RUS,2021-12-04,130265618,67991712,58480065,4821751,1275794,739490,89.28,46.6,40.08,3.3,5068,282849,0.194
Russia,RUS,2021-12-05,130634456,68029825,58695024,4937582,368838,719938,89.53,46.62,40.23,3.38,4934,261232,0.179
Russia,RUS,2021-12-06,130819682,68105369,58798583,,185226,703467,89.66,46.68,40.3,,4821,263822,0.181
Russia,RUS,2021-12-07,131619470,68551654,59156207,4940707,799788,685905,90.2,46.98,40.54,3.39,4701,259004,0.178
Russia,RUS,2021-12-08,132527425,68774204,59561710,5292036,907955,711684,90.83,47.13,40.82,3.63,4877,251608,0.172
Russia,RUS,2021-12-09,133166979,68953540,59977765,5337424,639554,674383,91.27,47.26,41.11,3.66,4622,241347,0.165
Russia,RUS,2021-12-10,133518815,69112801,60157863,5349901,351836,646999,91.51,47.37,41.23,3.67,4434,234320,0.161
Russia,RUS,2021-12-11,135154593,69738785,60962126,5557942,1635778,698425,92.63,47.8,41.78,3.81,4787,249582,0.171
Russia,RUS,2021-12-12,135853932,70013461,61370296,5652586,699339,745639,93.11,47.98,42.06,3.87,5110,283377,0.194
Russia,RUS,2021-12-13,136087233,70173142,61430028,5666474,233301,752507,93.27,48.09,42.1,3.88,5157,295396,0.202
Russia,RUS,2021-12-14,136967659,70522059,61831699,5797897,880426,764027,93.87,48.33,42.38,3.97,5236,281486,0.193
Russia,RUS,2021-12-15,137318696,70658248,62023593,5821660,351037,684467,94.11,48.43,42.51,3.99,4691,269149,0.184
Russia,RUS,2021-12-16,137430959,70712208,62075414,5828561,112263,609140,94.19,48.46,42.54,3.99,4175,251238,0.172
Russia,RUS,2021-12-17,138517750,71003850,62751255,5949687,1086791,714134,94.93,48.66,43.01,4.08,4894,270150,0.185
Russia,RUS,2021-12-18,139558409,71530632,63253115,5961958,1040659,629117,95.65,49.02,43.35,4.09,4312,255978,0.175
Russia,RUS,2021-12-19,140161780,71781421,63592062,5975597,603371,615407,96.06,49.2,43.58,4.1,4218,252566,0.173
